03fdb9c1a7b93de7d32371da2df3e5bd6f0fb4e0,Marcel Prestel,2022-04-09 18:04:57 +0000
e630e60168f8a857549731cd500e9312dfccbc46,Marcel Prestel,2021-04-05 17:43:04 +0200
bba4914b0d3f04fd23028b779cbb0d702917ddae,Marcel Prestel,2020-05-10 20:24:16 +0000
54ca4f47138f89ff3e00b6286c95ec8d6e130b2c,Marcel Prestel,2020-05-07 05:27:52 +0000
1c7096294e4f5f99c117bba84a52b8fe9af65e6c,Marcel Prestel,2020-03-12 22:14:05 +0100
fbd60ae4dad3727235cf14cc6ec6953393738d9a,Marcel Prestel,2019-02-19 22:02:00 +0100
587a0adb27d7b2f806554b818fe8c8c3971514ed,Marcel Prestel,2018-08-05 19:53:26 +0200
a1738b762a8bd70c202ea0f85df3d2ba52a22717,Marcel Prestel,2018-03-05 20:02:08 +0100
12684ff9fa787400f4bf6ef578a43c783a850b76,Marcel Prestel,2017-12-11 18:09:22 +0100
535df425b4f236c916f9cdab349401540b95ec68,Marcel Prestel,2017-11-09 19:15:09 +0100
3ff3a200134228f0caf1f33d67d0981e18d39356,Marcel Prestel,2017-10-13 19:33:31 +0200
28e2fa663ecfe2fe37b9034af3a4d7c416619506,Marcel Prestel,2017-06-06 15:58:38 +0200
5895872232ff0f7238df07fc68ef4aa42b7439b1,Marcel P,2017-04-26 11:06:54 +0200
08be9ee5f7b2cb57875a9e32bba0f592b7b83967,marci4,2017-03-27 09:32:23 +0200
700bfc4335a4f04ce357f3e22c422a8022e599ff,David,2013-04-24 01:47:15 +0200
db8a47fbb7e0e2987bf38f9bdcffb2f177873806,Davidiusdadi,2012-12-23 21:54:20 +0100
6e7cf0fba900bb85059122c8b22b6d27d12fc62d,Davidiusdadi,2012-11-01 20:13:25 +0100
12c8d096d3b303fcc7818c726cec88ba6eb7e104,Davidiusdadi,2012-09-14 00:13:23 +0200
ce3ede175dad731d43f095867b4e4ee1e1b0fc4f,Nathan Rajlich,2012-03-04 16:36:07 -0800
563045a82a833c2fb412c99997fe59115a6dbac1,Nathan Rajlich,2011-11-20 13:26:18 -0800
b1b0934b2fbc3acf0760d853d1eff076eaec7ef7,Nathan Rajlich,2011-06-29 12:30:57 -0700
e7ee8ac97a53655421023dd3a3d3c5c082903014,Nathan Rajlich,2010-10-16 12:19:44 -0700
940f114643bbd36a17a38642f1867566ea8ab34c,Nathan Rajlich,2010-10-03 13:25:28 -0700
70e46c241d962929c78d64293db8f52d482fbbaf,Nathan Rajlich,2010-08-25 09:34:04 -0700
bdf470da23ae5de64f60e14a5716ab5ee698a4cf,Nathan Rajlich,2010-07-31 12:21:50 -0700
e9e99919ef653e1727b40c0398b6efa70d0b7b01,Nathan Rajlich,2010-07-24 13:59:37 -0700
d14c44c3358f93086c4c32d1ce966a7938304f9d,Nathan Rajlich,2010-01-20 22:30:43 -0800