0311ea672d34be21c476bc410e30d240cb60493d,Christian Grobmeier,2012-05-06 10:59:21 +0000
f6c8a3554e7bcf4e95d3e108c92bd9f146a680d5,Christian Grobmeier,2012-05-06 10:58:34 +0000
91c2c80515d07771ae4aed27e60e88706db53acb,Christian Grobmeier,2012-05-06 10:20:46 +0000
b10765ec35f76c97dd008de5ab3406325ed74fa1,Christian Grobmeier,2012-05-06 10:11:13 +0000
9328003b54448d57e45d4632cddbc3f1e8c4d123,Christian Grobmeier,2012-05-04 06:52:32 +0000
7dee6a02236ef0ff6227178905a6ed8c51dc32e8,Christian Grobmeier,2012-05-04 06:51:41 +0000
5d528d8af37403a9a75838d2a9746979a12dda33,Christian Grobmeier,2012-05-01 10:18:09 +0000
b0c94892d4a490d4a6b1005f556e6c963ca2ea21,Christian Grobmeier,2012-05-01 10:17:22 +0000
37964d7e1e4253dfd054fdb2713716294f373cb8,Christian Grobmeier,2012-05-01 07:35:08 +0000
d2b6b839b101bd0ac3826341023afa44434708bc,Ralph Goers,2011-10-07 17:54:52 +0000
478af0d61462aacc56f152d85966489f44027a0a,Curtis William Arnold,2010-03-31 04:03:35 +0000
adfc5c8020d2282e592e0da764759a2e4e62f36f,Curtis William Arnold,2010-03-31 04:03:26 +0000
2efe868b3618c89c76e44456950ba9e84d07086f,Curtis William Arnold,2010-03-29 02:15:33 +0000
ea748e5f73c30e24d5d13a20b36b9762d6f740f3,Curtis William Arnold,2010-03-29 02:15:25 +0000
93b5b1749a2cfe41d7776369f790d0124fcb8b64,Curtis William Arnold,2010-03-29 02:05:59 +0000
0b57b863fc6b394c1fe0908d880c265d3385e3e8,Scott Deboy,2010-03-17 07:16:06 +0000
6ec2eb9e188bb8cd79e78b844f9c48534aa452ad,Curtis William Arnold,2010-02-16 05:34:25 +0000
d463921686f3e750e28e56da0162a9644eed0edc,Curtis William Arnold,2010-02-16 05:34:16 +0000
c993d24720dac823ec195c7e1e297555c2a2e8d5,Curtis William Arnold,2010-02-15 01:46:54 +0000
b706e0c1ff0a369479aee2575ce34cd305a8617f,Curtis William Arnold,2009-10-12 04:54:34 +0000
cdd2e332a53b18ffdd42e31cac50799b34a68476,Scott Deboy,2009-09-28 00:13:06 +0000
853c4bbb303e52517720562a933a1e0214a8e5ee,Curtis William Arnold,2007-09-21 04:29:52 +0000
cee202c09b968cc855be5be1212506c8fb4eafc9,Curtis William Arnold,2007-08-25 04:02:59 +0000
e025b747ec3b0acfb68ab2b4cbab5ca0a40a7696,Curtis William Arnold,2007-08-25 04:02:57 +0000
ad50fbcaf16894c86f060967198966916617cc59,Curtis William Arnold,2007-08-25 04:02:51 +0000
33f7e2072551298503ade87f1fcf6bf3b7c79365,Curtis William Arnold,2007-08-25 03:50:51 +0000
57016a572441fc719e745f8247ea477d8e1598db,Curtis William Arnold,2007-08-25 03:47:48 +0000
2308be13f6a5f79f48ab0145ce0a8df671b0f669,Curtis William Arnold,2007-08-24 22:50:12 +0000
ac1d06673e8a59eb671f9064d08640b9cd2972d5,Curtis William Arnold,2007-08-24 22:50:09 +0000
b90573152fc4173d3e8fb7c216ddb6a3e7356a3f,Curtis William Arnold,2007-08-24 22:50:03 +0000
db6877de0f7423af19893cb0d154b6a179bb8237,Curtis William Arnold,2007-08-24 22:45:48 +0000
aecb89d83dcb52708a3d9d5d8be9c31600d573e4,Curtis William Arnold,2007-06-28 01:34:24 +0000
c48c59874893aba3b933e858428a0f8cc846b5af,Curtis William Arnold,2007-06-28 01:34:21 +0000
6e7c711d7d06a469ccb00f96a17f683312ecf8b9,Curtis William Arnold,2007-06-28 01:34:17 +0000
2f1b12d4c01005f951e42196bce31d9f52659ce4,Curtis William Arnold,2007-06-28 01:29:56 +0000
3872fb4390e8429c4640c3b45d420379986ff36b,Curtis William Arnold,2007-06-21 20:56:12 +0000
8349f3022f447eb90e19f8c8686bf000c8f6bd1d,Curtis William Arnold,2007-06-21 01:37:02 +0000
baa463abc7edf7a4a55758091b80979431967750,Curtis William Arnold,2007-06-21 01:36:59 +0000
bf68ccb7cc781f2d8931eda73507b0339e3dc5b0,Curtis William Arnold,2007-06-21 01:36:54 +0000
b31e7d811c57607bce55450af303b141f74436e9,Curtis William Arnold,2007-06-21 01:34:24 +0000
9f91354ba4c8217a1d0fe2986c49efdc600336c4,Curtis William Arnold,2007-05-16 22:09:36 +0000
c9f856a4f7716e4aff094eb3ab5454a125509371,Curtis William Arnold,2007-05-16 22:09:33 +0000
5e365e435f5c10d7a4efbe3873afd5217f888b5a,Curtis William Arnold,2007-05-16 22:09:22 +0000
da7996ce5544840ecb32e0a70c11c3e6b878cfa9,Curtis William Arnold,2007-05-16 15:42:55 +0000
be0e4aaf417c06b595852269955478ab2b416670,Curtis William Arnold,2007-05-15 21:31:40 +0000
8afaa26fe5c1452e883e24e756d9c5aa70944c9e,Curtis William Arnold,2007-05-15 21:20:11 +0000
2b289a86739c1b912fd7c8566da06dbdfdacd0c3,Curtis William Arnold,2007-05-15 17:10:36 +0000
9e3b3ea4fb7a731b3e1895f8b8cb5a832e18b1a8,Curtis William Arnold,2007-02-26 21:14:22 +0000
25b0d49ec253ef16ac746db7229e08a2dd87022c,Elias Nathan Ross,2007-01-26 08:01:28 +0000
82bbddea4dfd776039a185c2255810e2ed61adfc,Curtis William Arnold,2006-09-18 22:23:54 +0000
2af2400fd432b62dcacccfc226c5c70ad2f67490,Curtis William Arnold,2006-09-18 22:02:30 +0000
d56480ebfd21286caa5ab70f53891da21e481abe,Curtis William Arnold,2006-09-13 20:13:12 +0000
fdb5580354bc8545d12e9d929d4d45d05a630d7c,Curtis William Arnold,2006-09-05 06:22:08 +0000
2622a6e3048192d3a87f7227965626fdf306a8dd,Curtis William Arnold,2006-09-05 05:27:36 +0000
c678def022fd8c7b353048281792ce01c63b4199,Curtis William Arnold,2006-09-05 04:27:26 +0000
20da801b09197717f7820163e234da8ed584c59a,Curtis William Arnold,2006-09-05 04:10:50 +0000
85ddc4314dacedc0e1b78485f83babd04516f48c,Curtis William Arnold,2006-09-03 21:01:11 +0000
e05611fba10332246fab5b7e990b046b1f862134,Curtis William Arnold,2006-09-01 20:56:57 +0000
bc30ec810f4fb6c283b86c87fce780b48596164e,Curtis William Arnold,2006-09-01 20:52:43 +0000
f1bea4acf980134576753593ed43760163ae3509,Paul Jeffrey Smith,2006-03-02 02:45:06 +0000
f28e4dc740bc4553118f59bf148082c8dc4afa98,Mark Dwayne Womack,2006-01-31 05:06:37 +0000
4ac01318e5c3d4b9a718a36f2305fe727933baf2,Mark Dwayne Womack,2005-12-11 07:54:23 +0000
d922c66e407cfd357a66fa2513700b617965cc8c,Mark Dwayne Womack,2005-12-11 07:07:26 +0000
65878ea0cbd70338b6b210089a127b477e8d2724,Mark Dwayne Womack,2005-11-28 00:19:41 +0000
7f24342fdbece1cf2cb2dea26c9e622930839a73,Mark Dwayne Womack,2005-10-13 03:36:30 +0000
c491fc1ec05e0de909c4c729d39a0863f3c7d0c5,Mark Dwayne Womack,2005-10-13 03:36:11 +0000
4fa8c34578b9d85ee0be5024e1fa4b0a414a9f78,Mark Dwayne Womack,2005-10-13 03:30:56 +0000
0538ec8a64d2b8894bfe80c86da8169c5e4ada90,Mark Dwayne Womack,2005-08-30 05:26:03 +0000
0d9c908b9d195846db7873bdb84c88d25f4164b1,Curtis William Arnold,2005-08-22 20:51:34 +0000
54c07cb0cceba51a482cd08b577332cd5d2e9788,Curtis William Arnold,2005-08-20 00:58:48 +0000
88f247d5ed0bc14fee07c6dda27827919fc018c6,Curtis William Arnold,2005-08-19 01:02:04 +0000
1c297cba9a59450f69cb09d2dc607c847adbfd51,Curtis William Arnold,2005-06-24 00:11:50 +0000
2a4843db1248999d91703f205616c0f0ecf3b095,Mark Dwayne Womack,2005-06-21 21:00:04 +0000
5562259444539a22ee39ebfa94144ec915ee5d79,Mark Dwayne Womack,2005-06-21 20:58:21 +0000
41dd50bed62ed5e724709f0970f26454839ab167,Mark Dwayne Womack,2005-06-17 05:16:49 +0000
587a0a009be284d75d14d0897622a63a41bea2ac,Mark Dwayne Womack,2005-06-17 05:08:33 +0000
2d9790eb54d3156137713861a5c5105d40a60883,Mark Dwayne Womack,2005-05-23 02:03:35 +0000
c447714d5110b0345f08b41c81989e162e9475b7,Curtis William Arnold,2005-05-12 05:08:40 +0000
74107595ded4055a0a3cdd94e2ba477f83c0a1cd,Curtis William Arnold,2005-05-12 04:53:13 +0000
50ba2b93ad731695f10d684fc6c363d81e5fdc5b,Mark Dwayne Womack,2005-05-06 06:00:25 +0000
63e2f38d7f43457b2436ed1b4764ef0402a810f5,Paul Jeffrey Smith,2005-02-21 23:32:13 +0000
9835d0753de13e7f0e727fd406c334891cf33fd1,Ceki Gulcu,2005-01-20 15:18:07 +0000
c16bea754dc045516063e854098d135062d50ad1,Ceki Gulcu,2005-01-19 18:58:13 +0000
eb382ca19aaffbb7b9cd3d1c40f24e5065a7526c,Ceki Gulcu,2004-11-01 20:45:50 +0000
23fa9f0b088d02e76adb19f9dc0260ebb0f7328c,Paul Jeffrey Smith,2004-07-20 22:22:27 +0000
4703c4a15eda3feca8f299591c9e5ef9927bf047,Paul Jeffrey Smith,2004-06-17 00:18:05 +0000
b6d2f30f72bf6185d45d03c6d90745f51948b528,Paul Jeffrey Smith,2004-06-09 09:32:57 +0000
689b1e00dfa56a89d3b5095515589613652b0593,Scott Deboy,2004-06-07 20:31:33 +0000
33b5f763ac328af7ba31e8d2d7f32e327ab263cc,Scott Deboy,2004-06-07 20:15:15 +0000
091906d9ba31998efe44f87686ce3c82e8618caa,Scott Deboy,2004-05-21 06:27:31 +0000
e0b40cdb45a7e3002f6995338b671597699abec5,Paul Jeffrey Smith,2004-05-17 22:26:09 +0000
d8bb5944634610d04b85b7530ea44363200867af,Scott Deboy,2004-05-17 06:17:59 +0000
12b14a324944d000779384ac220c14f7cb84ef43,Paul Jeffrey Smith,2004-05-14 06:57:50 +0000
803970c3f5091bc3f9c2fb6d70250db87ce5da5f,Paul Jeffrey Smith,2004-05-14 03:19:57 +0000
f1010316c40ee9cf8446362c57731957e38834e9,Paul Jeffrey Smith,2004-05-14 02:43:35 +0000
97d3cec2ffa8df99bf0c6255079da037b23fcbb6,Paul Jeffrey Smith,2004-05-14 02:43:08 +0000
1e718d5175e57219c2c65176200fabaaca534977,Paul Jeffrey Smith,2004-05-14 02:42:32 +0000
b6a7163bf47377c27d1ed3a8113f45d01e44db17,Ceki Gulcu,2003-08-22 17:52:21 +0000
56244460338fd98b166726334c1388be62c8a3e3,Ceki Gulcu,2003-07-10 08:50:31 +0000
29b59049275efe692d818dd262f442c67ae44804,Ceki Gulcu,2002-10-09 20:38:26 +0000
14decbfa70eeeb021adf660af7973c6867535797,Ceki Gulcu,2002-08-01 16:14:56 +0000
814e59eb6b0d8a1244e4e6cf86bf5d30ad4e49bf,Ceki Gulcu,2002-07-11 08:51:26 +0000
419b0333558231f5435860918078f84feb54990b,Ceki Gulcu,2002-06-11 13:21:59 +0000
7722a630956263e9b271dd9a2659c021252ff07c,Ceki Gulcu,2002-05-28 14:25:00 +0000
bbbb844fbd28c449988d0fac9dbfebc2fb740b71,Ceki Gulcu,2002-05-17 11:54:06 +0000
290899ac0fa4c6d132b6a74772f356d27f1f8dd1,Ceki Gulcu,2002-05-09 20:15:02 +0000
5effc7da57ace6080eb78f33d5c22ed7af09ae02,Ceki Gulcu,2001-09-25 10:06:36 +0000
f5db94e77d082419e19abb9e8908626a62d1c7e6,Ceki Gulcu,2001-05-20 15:03:07 +0000
da7859b1b3975fcf97097197f70131bc3a8f5acc,Ceki Gulcu,2001-04-18 17:21:13 +0000
47e4f5606c350bc9e6537dc1bd6ef54168b8af30,Ceki Gulcu,2001-04-18 09:03:44 +0000
a642a1c2d444e4d862ca0f8a4838183440dbaa8a,Ceki Gulcu,2001-04-17 19:59:38 +0000
e06cead03d7526a41e2d73c7657f5cf0c4208b21,Ceki Gulcu,2001-01-11 23:29:17 +0000
6a626f3d7d96e10e8b382b36acdef33a301868d7,Ceki Gulcu,2001-01-11 21:29:02 +0000
f98e2bf82889e41bbf413280f7efdac26fca293b,Ceki Gulcu,2001-01-11 19:48:48 +0000
4e0c75f4098728a63d0a8e7a537962a1315dfe1e,Ceki Gulcu,2001-01-11 11:59:37 +0000
95abb53e285c4c7ab1f711185118cf2411a31d0d,Ceki Gulcu,2001-01-11 10:31:31 +0000
8eaf7c2440a6300339b55eb9477c5da09315053c,Ceki Gulcu,2000-12-27 15:25:59 +0000
f627a5d7a0b366f1102dd8bc0d28f90f6ea840e8,Ceki Gulcu,2000-12-19 13:59:21 +0000