408c0f83a329b3e07fd02d04fee767fb3957815c,Goooler,2022-11-25 22:26:25 +0800
74317cd23dcd2de32887d0a6626a35e3807309aa,dependabot[bot],2022-03-02 10:17:21 +0000
d39c2528c3c87151838bc1f7b9a801030400ce68,dependabot[bot],2021-11-03 10:16:44 +0000
1c03775d34cdb54763e5b992fda86ebb1b3b7714,dependabot[bot],2021-10-18 10:20:10 +0000
bc119896a328cb314df279b26cc68eebd19c4b31,Jesse Wilson,2020-05-30 07:49:09 -0400
1e678e6e665b4c49d890792a981aca608661dfb7,Jake Wharton,2020-03-25 13:42:26 -0400
7fa4b3e63735616cb4a2ce23f3ef08952178f8b0,Jake Wharton,2020-03-25 13:42:17 -0400
e781a694117798d350da403ab759bf37ad048e42,Jesse Wilson,2020-03-23 12:43:27 -0400
2cde2ae96b022f4151148d390ab7f79ca17d7124,Jesse Wilson,2020-03-23 12:43:19 -0400
eaf5f7fe009ea0ed080bd4220fc187ad5ea094ee,Jake Wharton,2020-02-24 23:25:23 -0500
2d6404eb3d1a5e78efe9968068715c20a82173d9,Jake Wharton,2020-02-24 23:25:16 -0500
7110c196825031690235c4f331a05fc4a93f6a4f,Jake Wharton,2020-01-02 16:14:27 -0500
e04e88d91d7792e5c45178e0236e410c4155717e,Jake Wharton,2019-12-09 12:55:15 -0500
68e74bfca4302a22653a31a8240e9a2f2ba43a05,dependabot[bot],2019-11-13 06:03:18 +0000
74fc0ff863f771cde028e4bd36da70c568017a96,Jake Wharton,2019-06-05 14:11:52 -0400
b8d593cf029652eb682434c0217ad92b5cbb005e,Jake Wharton,2019-06-05 14:11:45 -0400
d7b66de1d350e68ca871b80b26b63e4f8e5c2294,Jake Wharton,2018-11-18 16:26:35 -0500
40621bf538f6d48af182350adc880406c53dc67c,Jake Wharton,2018-11-18 16:26:27 -0500
05c9f7837844f35b29f3ce6ac04b39d4c67c3224,Jake Wharton,2018-03-14 11:39:07 -0400
7158698314daa138e993fac6a590ed19d78a8599,Jake Wharton,2018-03-14 11:39:03 -0400
8e0720d59bf75a025420d5019b91ca5e4c64b696,Jake Wharton,2018-03-14 11:36:50 -0400
d0957ff0ae1b0cd503b24885e69f666aa5b1c147,jwilson,2017-05-13 19:47:30 -0400
903e149a4f211a0fb7e01ed4fdf8c48a8b6c7891,jwilson,2017-05-13 19:47:25 -0400
74cfda17964c651661f2daaaa78ef732a8a46154,jwilson,2017-05-13 13:42:52 -0400
1cc726f6a5efcc9e0d5e4b740acee62985d9d5c5,Jake Wharton,2017-02-21 16:48:50 -0500
98f8b43a24cb016d87f1f92302f1ca2853c7c896,Jake Wharton,2017-02-21 16:48:44 -0500
49a87b383473c4492d99a71897460078ffd350e9,Jake Wharton,2016-06-15 00:27:56 -0400
fd2f2e24a9e3aae3f7f6a832da3bb6fc22362577,Jake Wharton,2016-06-15 00:27:54 -0400
c71a2b0c51a89b4ed0c2e0d1f199990d093531a1,Ryan Dunckel,2016-05-25 09:50:01 -0500
d04f3a50e41ca01d22f370ac4f332f6ddf4ba9fe,Jake Wharton,2016-04-14 20:23:13 -0400
7f3784746bf001501c9f0c34acd04f966f921105,Jake Wharton,2016-04-14 20:23:09 -0400
011a89ee00e16d6e775b29fa4710718cc864baf8,Jake Wharton,2016-03-30 23:04:09 -0400
2927160d513a731674ac3ad7b9ba10059f0d130f,Jake Wharton,2016-03-30 23:04:07 -0400
ed59ea552f1cb6b4cba19a66502368a54036668d,Jake Wharton,2016-03-11 16:13:14 -0500
c4551d99892a3a56708dd0c945efa5619337269a,Jake Wharton,2016-03-11 16:13:12 -0500
9b955d5697d5e37413473eec743302b78d02d9dd,Jake Wharton,2016-02-04 11:22:04 -0500
2613d174be2e6f31f4f742e040412aee308849cf,Jake Wharton,2016-02-04 11:22:01 -0500
066416243e1a076ab0920c12a59640057b7ca447,Jake Wharton,2016-01-05 12:24:01 -0500
b5ef2af4e75f5285d4cbbb7da147b5d518680497,Jake Wharton,2016-01-05 12:23:58 -0500
0d6f46f740529c89e9be6d4c037ce3e25cd0a6b0,Jesse Wilson,2016-01-04 22:45:28 -0500
df346dee82ed135be8b24e30208efa1389f96c38,Jake Wharton,2016-01-04 16:29:43 -0500
8f572ee34490ad3512ae1bfbf3973a21d0cd67bb,Jake Wharton,2015-09-28 11:15:32 -0400
e68011938e92d7f50f8e2a64ad0e57788549dd5c,Jake Wharton,2015-09-28 11:15:29 -0400
e64df3ebb2b24633c9723d39a44ee6a4eab1002a,Jake Wharton,2015-09-28 10:16:04 -0400
197fb5b9798a5efa2a700f2554bb7f1f46ba38d4,Jake Wharton,2015-08-27 13:54:55 -0400
bcf627578ae8fd593e1c8a4a85a841f6a68b072c,Jake Wharton,2015-08-27 13:54:50 -0400
93bd51126fdd61ea5646d9930f3295a19b27c1d4,Jesse Wilson,2015-08-25 23:02:08 -0400
eac69ffe4bdd84dfe51d8f8166ad2cfc56584650,Jake Wharton,2015-08-25 22:45:28 -0400
96ee23165bb8ef1f94e794d069f090c085f5ff88,Jake Wharton,2015-01-07 21:35:13 -0800
f6878a5ccbe7505fcf44fa7063c72e6434493f75,Jake Wharton,2015-01-07 21:35:09 -0800
62903c4b2bd6afd72970866bc33633777a345104,Jake Wharton,2015-01-07 21:35:13 -0800
2f4caa6f5df8e7f47a881266bbfc723f537b0b47,Jake Wharton,2015-01-07 21:35:09 -0800
74ecb397fdbb9fd8d2a28ce18e1bd942d1a3c5a8,Jake Wharton,2014-11-18 08:12:25 -0800
ab0fd55bbabf609246faa13f7e6e336096a406af,Jake Wharton,2014-11-18 08:12:21 -0800
b2b55bd2b711f72c67b886afab38429a7743e68f,Jake Wharton,2014-10-23 10:54:55 -0700
e8f3a1db3deb06d762f3dbce8090cb3fc5a5f7a6,Jake Wharton,2014-10-23 10:54:51 -0700
79f1144339cb0db270744ffec583dc11de44c977,Jake Wharton,2014-10-08 11:37:10 -0700
2c42f2a1974410e19e3539d11088d2de33780122,Jake Wharton,2014-10-08 11:37:01 -0700
92e3b2627275b0c46bef7780d57552672a0aafc0,Jake Wharton,2014-07-02 12:25:56 -0700
e552d9a9a2e7c168f33be963a276767da782cad0,Jake Wharton,2014-07-02 12:25:38 -0700
5316949e0d7c7c77af3485093ccedc2efabc87d9,Jake Wharton,2014-06-06 18:42:17 -0700
0cb35c8a44742efc53c62eeaa6dd6b542efb90a1,Jake Wharton,2014-06-06 18:42:09 -0700
ed67aca4504afac0ab4a11ab1bff391d429438fb,Jake Wharton,2014-05-08 09:04:25 -0700
d5feecdecdbbdf5c18f4231d37055e154e33ef8b,Jake Wharton,2014-05-08 09:04:16 -0700
dba12d66041fcec93467a17704b5757cd29d7933,Jake Wharton,2014-03-20 23:52:06 -0700
6120d8618f861499f886ad3ba53c64ca3cc195a9,Jake Wharton,2014-03-20 23:51:58 -0700
05d6797c3c0de7b9abafb9e15491fb61df194100,Jake Wharton,2014-03-20 23:41:38 -0700
046aec0f53c11e6d0435dc841657a6fe5f8b836f,Jake Wharton,2014-02-01 12:25:35 -0800
bb69e424c30b9ae3c90724eaacd5869c31752ce8,Jake Wharton,2014-02-01 12:25:28 -0800
6833233dc42c5f1ece33f1fdc51ba88dea9b3874,Jake Wharton,2014-01-31 23:56:09 -0800
66d7012bbc165c482f8eb4119f6f6deb8da05d5d,Jake Wharton,2014-01-31 23:56:02 -0800
d557083f4cfd24365d8322c480319793c529e913,Jake Wharton,2013-11-25 11:43:55 -0800
c072c161824f5c56337a34ccc20277b8ada2fb60,Jake Wharton,2013-11-25 11:43:53 -0800
7780666f70e208359818650a38adee03f3982705,Jake Wharton,2013-09-12 19:56:46 -0700
387deccf4c2c25d756559a91a77ceaa0edd87061,Jake Wharton,2013-09-12 19:56:43 -0700
5e0683454afcafad4e81b45510e1245327c7445f,Jake Wharton,2013-08-30 14:44:13 -0700
8bb570b78827a0746be23e75ac0717b2e55b1d26,Jake Wharton,2013-08-30 14:44:10 -0700
9d244d0e37a3f601d0c51dccf25001aff8c2adc6,Dan Rice,2013-08-27 14:12:56 -0400
23f19353ca57c7b570261a53cf7ea0fc9a6066c8,Jake Wharton,2013-08-23 09:27:12 -0700
617d6b88688a84e846093f88253704c9aef25031,Jake Wharton,2013-08-23 09:27:09 -0700
6906eaf833063ccb464e7646c0643e1c818ec47e,Jake Wharton,2013-06-25 13:28:24 -0700
47f388d8e8687a19e5768beaec544b8dc4c282ae,Jake Wharton,2013-06-25 13:28:21 -0700
c7484864352c6367300a5ae398880450d6b843ff,Jake Wharton,2013-06-20 12:40:55 -0700
63fee412503bafdd23c63b0521d04857901bffd2,Jake Wharton,2013-06-20 12:40:49 -0700
67346413fead6306a0f7a7cb82e166c298575723,Jake Wharton,2013-05-23 22:22:05 -0700
434f9759fe122dd18240dc1c14230e824d709a47,Jake Wharton,2013-05-23 22:21:59 -0700
89a60f7f15a9200e0cf8fe157a61caaeba104f7c,Jake Wharton,2013-05-13 14:27:24 -0700
a2f4b53575a05001e515e64e1ce8306df663fedf,Jake Wharton,2013-05-13 14:27:17 -0700
a1dd710cc82c254d78aa846701009a0eac505152,Jake Wharton,2013-05-13 08:56:07 -0700
193b3f0027dbbcb99d1701e6106a9856197824e4,Jake Wharton,2013-05-13 08:55:59 -0700