7c3f0b479051a606d1a49f5b86f1b2365c23760d,dependabot[bot],2022-12-23 10:10:47 +0800
9d8cad2cb9df617a7aaea375c70c1a24c1d9af29,dependabot[bot],2022-12-23 10:10:40 +0800
09fe80466e8f309de549f635a3f46ee26b740d37,dependabot[bot],2022-12-23 10:10:25 +0800
084062fc9fb105c0dd367c1e762082d0563daa3f,dependabot[bot],2022-12-23 10:10:19 +0800
4d6029c0fd8ebe537233e127296f79b219a97681,dependabot[bot],2022-12-23 10:07:11 +0800
886bf98b0055c183a646ca262d5a81cd022907d1,dependabot[bot],2022-12-23 10:06:30 +0800
d90daea4a0010639f97710750c600101cf0258ca,dependabot[bot],2022-12-23 10:06:23 +0800
73962043dffefa21038c2ef29cc4b5de7744993d,dependabot[bot],2022-12-23 10:05:40 +0800
810f1275d3ec5c1db1067d1967625a25ca99f6c5,dependabot[bot],2022-12-23 10:05:21 +0800
4af385da6e3589c0bcc69a89e77d20f7507da32a,dependabot[bot],2022-12-23 10:05:15 +0800
fe2d1f30d3eedf378acabe2b37d61ce13886ebcd,dependabot[bot],2022-12-23 10:05:03 +0800
3c34c5b5da4f7904025448775185220ffdaecd6a,dependabot[bot],2022-12-23 10:04:55 +0800
89e3151822b9766e0f7bd77b08d30a8887fbfc02,dependabot[bot],2022-12-23 10:04:49 +0800
108c13382446aa4b3b28c977af2ac6725e397d9c,dependabot[bot],2022-12-23 10:04:41 +0800
e14cb09102816661f6152f391230e5fcd339b5d7,dependabot[bot],2022-12-23 10:04:34 +0800
acbdc8b9fdf1b61348b2e66c38551dafd601e842,dependabot[bot],2022-12-23 10:04:15 +0800
a2a936ee33a3fcccdcd54fe1ed02974a211f636a,dependabot[bot],2022-12-23 10:03:58 +0800
9d477eed0db6864445ed4057b0ddcd697afa7a23,dependabot[bot],2022-12-23 10:03:47 +0800
d21cbd6ee5383a3b7fd198310dda3964e1e6b67d,dependabot[bot],2022-12-23 10:03:31 +0800
fb6011f5a4f0e23c89c8041f9126e90e8d0b2f30,dependabot[bot],2022-12-23 10:03:23 +0800
c22259786f64026d5411961b7d8d753bc966fbb9,dependabot[bot],2022-12-23 10:02:53 +0800
b4c920fe622c43280fce605e6fe09d6e922c10c5,dependabot[bot],2022-12-23 10:02:11 +0800
08a4857dac9cfce446aea94e3efe8d43908adb6a,dependabot[bot],2022-12-23 09:54:42 +0800
d62610af19af816f103f9b8a0ec03a1bc8b64325,dependabot[bot],2022-12-23 09:54:26 +0800
20b72f7106e5081ba15917b6cb4b3f533f946e13,dependabot[bot],2022-12-22 20:38:12 +0800
c12bf01b8cf95ae7351224f998026b0cb277e67e,dependabot[bot],2022-12-22 20:37:49 +0800
f3404c9f63f52fd5ec5a98a681c961b548252501,dependabot[bot],2022-12-16 13:44:25 +0800
319f05d4aeef16d3bb63771009fe7d0bb33f257a,dependabot[bot],2022-12-16 13:43:54 +0800
cc5179796544a122007ec36aabfc6e0b866511c6,dependabot[bot],2022-12-16 13:43:07 +0800
2bd87efde7bbf80b576f2a02b175f41e3f7cb372,dependabot[bot],2022-12-16 13:42:55 +0800
05e71b133d454bcf364be1b2ba703f973dca4f5b,dependabot[bot],2022-12-16 13:42:42 +0800
4b7ca77151287cd206ffd54dda5b64f7e9b367ae,dependabot[bot],2022-11-08 14:02:13 +0800
53d252f1670b4b98c729864e5772184bcd6a7379,dependabot[bot],2022-11-08 13:59:04 +0800
447bc328b79dd69f87bfbc5b04724fc48cc13f58,dependabot[bot],2022-11-08 13:58:55 +0800
e30f0be6d7698dade4d32c42045f711a31cfdb15,dependabot[bot],2022-11-08 13:57:34 +0800
0fded56f3345618deb6757dbf5c1c8ffe8386c46,dependabot[bot],2022-11-08 13:56:52 +0800
d0769bef800e8abd0f11bab59bcd6f931ab8020e,dependabot[bot],2022-11-08 13:56:42 +0800
aa0587ef71de895afa571247b1f8092b22d5690c,dependabot[bot],2022-11-08 13:56:13 +0800
551b518895505123b86d6f9dcc5dc59dc6d85058,dependabot[bot],2022-11-08 13:56:07 +0800
c35c41668497119023e71f6959ec6673c92888a0,dependabot[bot],2022-11-08 13:55:53 +0800
5ffb23ccb051ddc72af00481e4d040e3e3a4b71f,dependabot[bot],2022-11-08 13:55:34 +0800
13f1c416f12d4807f0c9c49294a62269df4e22b5,dependabot[bot],2022-11-08 13:54:12 +0800
b2a8e330dcc06feaca8adc5edccc8f07c2043510,dependabot[bot],2022-11-08 13:53:56 +0800
0b6a28b5739c2533c23e99873495d90280e5b823,dependabot[bot],2022-11-08 13:53:30 +0800
8d151e99b471cd4d5333190425f56e9ebaa8e5bd,dependabot[bot],2022-11-08 13:53:12 +0800
efa0a0d5123cd3e559791d26dbae9fa780b6b2d7,dependabot[bot],2022-08-27 09:36:11 +0800
333d4f9d45720dd52d71b84ed8cae81519dfabc1,dependabot[bot],2022-07-19 15:28:52 +0800
74d38da6ce4aacf4b2af7abd0ddaa3f25b8352fa,Albumen Kevin,2021-07-02 11:38:55 +0800
3e7836e1dd99533a2b82d655c167fcb10a1a7bda,zouyixian,2020-02-22 17:11:24 +0800
5e005eaef5f4097f950aaa2a8cf80a99cf7104e5,ken.lj,2020-01-14 11:09:36 +0800
0e3036f42e54bf36a6566765d2fbd146ad82f2d0,ken.lj,2020-01-14 10:55:24 +0800
359ddc8c623661e2dcd8e01f93efdb0d44cc74ed,ken.lj,2020-01-14 10:55:24 +0800
5f923760626d4aac3fd5cf2599154cd47a93da61,Huang YunKun,2019-12-29 19:49:10 +0800
1c842398a1be50cb3624c4266f6ececf61c9b614,ken.lj,2019-01-17 10:09:11 +0800